[
  {
    "id": 1,
    "images": [{ "id": 1, "image": "/Img/productitem.png" }],
    "sub_category": "T-shirt -> Men",
    "category": "Men",
    "created_at": "2025-08-30T19:12:56Z",
    "updated_at": "2025-08-30T19:12:56Z",
    "name": "Classic Black T-Shirt",
    "sku": "TSHIRT-101",
    "price": 499,
    "old_price": 699,
    "is_active": true,
    "quantity": 120,
    "description": "Comfortable black cotton t-shirt.",
    "brand": "BrandX"
  },
  {
    "id": 2,
    "images": [{ "id": 2, "image": "/Img/productitem.png" }],
    "sub_category": "T-shirt -> Men",
    "category": "Men",
    "created_at": "2025-08-30T19:15:00Z",
    "updated_at": "2025-08-30T19:15:00Z",
    "name": "White Polo T-Shirt",
    "sku": "TSHIRT-102",
    "price": 650,
    "old_price": 850,
    "is_active": true,
    "quantity": 80,
    "description": "Premium cotton polo with collar.",
    "brand": "PoloMax"
  },
  {
    "id": 3,
    "images": [{ "id": 3, "image": "/Img/productitem.png" }],
    "sub_category": "Shirt -> Men",
    "category": "Men",
    "created_at": "2025-08-30T19:20:00Z",
    "updated_at": "2025-08-30T19:20:00Z",
    "name": "Blue Formal Shirt",
    "sku": "SHIRT-201",
    "price": 999,
    "old_price": 1299,
    "is_active": true,
    "quantity": 60,
    "description": "Slim fit blue formal shirt for office wear.",
    "brand": "OfficeLine"
  },
  {
    "id": 4,
    "images": [{ "id": 4, "image": "/Img/productitem.png" }],
    "sub_category": "Shirt -> Men",
    "category": "Men",
    "created_at": "2025-08-30T19:22:00Z",
    "updated_at": "2025-08-30T19:22:00Z",
    "name": "Checked Casual Shirt",
    "sku": "SHIRT-202",
    "price": 850,
    "old_price": 1100,
    "is_active": true,
    "quantity": 90,
    "description": "Casual checked shirt in red & black.",
    "brand": "UrbanWear"
  },
  {
    "id": 5,
    "images": [{ "id": 5, "image": "/Img/productitem.png" }],
    "sub_category": "Jeans -> Men",
    "category": "Men",
    "created_at": "2025-08-30T19:25:00Z",
    "updated_at": "2025-08-30T19:25:00Z",
    "name": "Slim Fit Blue Jeans",
    "sku": "JEANS-301",
    "price": 499,
    "old_price": 1599,
    "is_active": true,
    "quantity": 150,
    "description": "Stretchable slim fit denim jeans.",
    "brand": "DenimPro"
  },
  {
    "id": 6,
    "images": [{ "id": 6, "image": "/Img/productitem.png" }],
    "sub_category": "Jeans -> Men",
    "category": "Men",
    "created_at": "2025-08-30T19:27:00Z",
    "updated_at": "2025-08-30T19:27:00Z",
    "name": "Black Regular Fit Jeans",
    "sku": "JEANS-302",
    "price": 1199,
    "old_price": 1499,
    "is_active": true,
    "quantity": 100,
    "description": "Durable black denim jeans.",
    "brand": "DenimPro"
  },
  {
    "id": 7,
    "images": [{ "id": 7, "image": "/Img/productitem.png" }],
    "sub_category": "Shoes -> Men",
    "category": "Men",
    "created_at": "2025-08-30T19:30:00Z",
    "updated_at": "2025-08-30T19:30:00Z",
    "name": "Running Sneakers",
    "sku": "SHOES-401",
    "price": 1999,
    "old_price": 2499,
    "is_active": true,
    "quantity": 70,
    "description": "Lightweight running sneakers with breathable fabric.",
    "brand": "SportX"
  },
  {
    "id": 8,
    "images": [{ "id": 8, "image": "/Img/productitem.png" }],
    "sub_category": "Shoes -> Men",
    "category": "Men",
    "created_at": "2025-08-30T19:32:00Z",
    "updated_at": "2025-08-30T19:32:00Z",
    "name": "Leather Formal Shoes",
    "sku": "SHOES-402",
    "price": 2499,
    "old_price": 2999,
    "is_active": true,
    "quantity": 40,
    "description": "Classic leather shoes for formal occasions.",
    "brand": "EliteLeather"
  },
  {
    "id": 9,
    "images": [{ "id": 9, "image": "/Img/productitem.png" }],
    "sub_category": "Kurta -> Men",
    "category": "Men",
    "created_at": "2025-08-30T19:35:00Z",
    "updated_at": "2025-08-30T19:35:00Z",
    "name": "Cotton Kurta",
    "sku": "KURTA-501",
    "price": 799,
    "old_price": 999,
    "is_active": true,
    "quantity": 60,
    "description": "Lightweight cotton kurta for ethnic wear.",
    "brand": "EthnicX"
  },
  {
    "id": 10,
    "images": [{ "id": 10, "image": "/Img/productitem.png" }],
    "sub_category": "Kurta -> Men",
    "category": "Men",
    "created_at": "2025-08-30T19:37:00Z",
    "updated_at": "2025-08-30T19:37:00Z",
    "name": "Silk Kurta",
    "sku": "KURTA-502",
    "price": 1499,
    "old_price": 1899,
    "is_active": true,
    "quantity": 30,
    "description": "Elegant silk kurta for weddings.",
    "brand": "RoyalWear"
  },
  {
    "id": 11,
    "images": [{ "id": 11, "image": "/Img/productitem.png" }],
    "sub_category": "Dresses -> Women",
    "category": "Women",
    "created_at": "2025-08-30T19:40:00Z",
    "updated_at": "2025-08-30T19:40:00Z",
    "name": "Red Evening Dress",
    "sku": "DRESS-601",
    "price": 2599,
    "old_price": 3199,
    "is_active": true,
    "quantity": 20,
    "description": "Stylish red evening dress with modern cut.",
    "brand": "GlamourX"
  },
  {
    "id": 12,
    "images": [{ "id": 12, "image": "/Img/productitem.png" }],
    "sub_category": "Dresses -> Women",
    "category": "Women",
    "created_at": "2025-08-30T19:42:00Z",
    "updated_at": "2025-08-30T19:42:00Z",
    "name": "Floral Summer Dress",
    "sku": "DRESS-602",
    "price": 1799,
    "old_price": 2299,
    "is_active": true,
    "quantity": 50,
    "description": "Lightweight floral dress perfect for summer.",
    "brand": "Sunshine"
  },
  {
    "id": 13,
    "images": [{ "id": 13, "image": "/Img/productitem.png" }],
    "sub_category": "Sarees -> Women",
    "category": "Women",
    "created_at": "2025-08-30T19:45:00Z",
    "updated_at": "2025-08-30T19:45:00Z",
    "name": "Banarasi Silk Saree",
    "sku": "SAREE-701",
    "price": 4999,
    "old_price": 5999,
    "is_active": true,
    "quantity": 15,
    "description": "Traditional Banarasi saree with golden work.",
    "brand": "EthnicRoyal"
  },
  {
    "id": 14,
    "images": [{ "id": 14, "image": "/Img/productitem.png" }],
    "sub_category": "Sarees -> Women",
    "category": "Women",
    "created_at": "2025-08-30T19:47:00Z",
    "updated_at": "2025-08-30T19:47:00Z",
    "name": "Cotton Printed Saree",
    "sku": "SAREE-702",
    "price": 1999,
    "old_price": 2499,
    "is_active": true,
    "quantity": 25,
    "description": "Soft cotton saree with block prints.",
    "brand": "EthnicStyle"
  },
  {
    "id": 15,
    "images": [{ "id": 15, "image": "/Img/productitem.png" }],
    "sub_category": "T-shirt -> Kids",
    "category": "Kids",
    "created_at": "2025-08-30T19:50:00Z",
    "updated_at": "2025-08-30T19:50:00Z",
    "name": "Cartoon Print T-Shirt",
    "sku": "KTSHIRT-801",
    "price": 399,
    "old_price": 599,
    "is_active": true,
    "quantity": 200,
    "description": "Kids cotton t-shirt with cartoon prints.",
    "brand": "KiddoWear"
  }
]
